<?xml version="1.0" encoding="UTF-8"?>
<export><property name="keyalias" value="7efc3717-08bf-4348-a203-dcc6e159d13d"/><module id="tenants"><organization>organizations</organization></module><module id="authority"><user>jasperadmin</user><user>anonymousUser</user><role>ROLE_ADMINISTRATOR</role><role>ROLE_USER</role><role>ROLE_ANONYMOUS</role></module><module id="repositoryResources"><folder>/</folder></module><module id="calendars"><calendar>New Years Days</calendar></module><module id="reportJobs"/><module id="favorites"/><property name="pathProcessorId" value="zip"/><property name="rootTenantId" value="organizations"/><property name="jsVersion" value="7.5.0 CE"/><property name="encrypted" value="4A5253495600000010CCA6A5BAE07BD6AD690E8CFAF15166A59E4FFD1D1064687CC472C1E0882455AF"/></export>