<?xml version="1.0" encoding="UTF-8"?>
<export><property name="keyalias" value="7efc3717-08bf-4348-a203-dcc6e159d13d"/><module id="tenants"><organization>organizations</organization></module><module id="authority"><user>jasperadmin</user><user>anonymousUser</user><user>joeuser</user><role>ROLE_ADMINISTRATOR</role><role>ROLE_USER</role><role>ROLE_ANONYMOUS</role></module><module id="repositoryResources"><folder>/</folder></module><module id="calendars"><calendar>New Years Days</calendar></module><module id="reportJobs"/><module id="favorites"/><property name="pathProcessorId" value="zip"/><property name="rootTenantId" value="organizations"/><property name="jsVersion" value="7.5.0 CE"/><property name="encrypted" value="4A52534956000000101DA3D250DDFB9777DC1A5B2D6A8E9C5630D7043CFB59BF55B7DDC3AB6593E204"/></export>