<?xml version="1.0" encoding="UTF-8"?>
<jdbcDataSource exportedWithPermissions="true">
    <folder>/analysis/datasources</folder>
    <name>FoodmartDataSource</name>
    <version>0</version>
    <label>Foodmart Data Source</label>
    <description>Foodmart Data Source</description>
    <creationDate>2022-07-18T07:20:37.131-07:00</creationDate>
    <updateDate>2022-07-18T07:20:37.131-07:00</updateDate>
    <driver>org.postgresql.Driver</driver>
    <connectionUrl>jdbc:postgresql://ci-catalogs-na2-postgresql.jaspersoft.com:5432/foupdate</connectionUrl>
    <connectionUser>ci_agent</connectionUser>
    <connectionPassword>ENC&lt;4A52534956000000107D633F79F4199F83C32E614C879E4781D7B78929621F3DEF5BEEE03E20A6A6D9&gt;</connectionPassword>
</jdbcDataSource>
