<?xml version="1.0" encoding="UTF-8"?>
<export><property name="keyalias" value="44f292c7-188e-4ba5-99dc-c8ae6c349ee3"/><module id="tenants"><organization>organizations</organization></module><module id="authority"><user>jasperadmin</user><user>anonymousUser</user><role>ROLE_ADMINISTRATOR</role><role>ROLE_USER</role><role>ROLE_ANONYMOUS</role></module><module id="repositoryResources"><folder>/</folder></module><module id="calendars"><calendar>New Years Days</calendar></module><module id="reportJobs"/><module id="favorites"/><property name="pathProcessorId" value="zip"/><property name="rootTenantId" value="organizations"/><property name="jsVersion" value="7.5.0 CE"/><property name="encrypted" value="4A5253495600000010629428D00AD39F11FFC9D4699624FB9570FAF508F872FD70AC5531936C4C07C0"/></export>