<?xml version="1.0" encoding="UTF-8"?>
<mondrianXmlaDefinition exportedWithPermissions="true">
    <folder>/analysis/xmla/definitions</folder>
    <name>FoodmartXmlaDefinition</name>
    <version>0</version>
    <label>Foodmart Mondrian XMLA definition</label>
    <description>Foodmart Mondrian XMLA definition</description>
    <creationDate>2022-07-18T07:20:37.736-07:00</creationDate>
    <updateDate>2022-07-18T07:20:37.736-07:00</updateDate>
    <catalog>Foodmart</catalog>
    <mondrianConnection>
        <uri>/analysis/connections/Foodmart</uri>
    </mondrianConnection>
</mondrianXmlaDefinition>
